SenderNodeId,SenderNodeName,DestinatioNodeId,DestinationNodeName,StarTime,EndTime,Duration
1,Node2,-1,,9.10000016,9.1000004,2.4e-007
1,Node2,-1,,8.10000016,8.1000004,2.4e-007
1,Node2,-1,,7.10000016,7.1000004,2.4e-007
1,Node2,-1,,6.10000016,6.1000004,2.4e-007
1,Node2,-1,,5.10000016,5.1000004,2.4e-007
1,Node2,-1,,4.10000016,4.1000004,2.4e-007
1,Node2,-1,,3.10000016,3.1000004,2.4e-007
1,Node2,-1,,2.10000016,2.1000004,2.4e-007
1,Node2,-1,,1.10000016,1.1000004,2.4e-007
1,Node2,-1,,0.10000016,0.1000004,2.4e-007
1,Node2,2,Node3,9.30000056,9.3000008,2.4e-007
1,Node2,2,Node3,8.30000056,8.3000008,2.4e-007
1,Node2,2,Node3,7.30000056,7.3000008,2.4e-007
1,Node2,2,Node3,6.30000056,6.3000008,2.4e-007
1,Node2,2,Node3,5.30000056,5.3000008,2.4e-007
1,Node2,2,Node3,4.30000056,4.3000008,2.4e-007
1,Node2,2,Node3,3.30000056,3.3000008,2.4e-007
1,Node2,2,Node3,2.30000056,2.3000008,2.4e-007
1,Node2,2,Node3,1.30000056,1.3000008,2.4e-007
1,Node2,2,Node3,0.30000056,0.3000008,2.4e-007
2,Node3,-1,,9.30000064,9.30000088,2.4e-007
2,Node3,-1,,8.30000064,8.30000088,2.4e-007
2,Node3,-1,,7.30000064,7.30000088,2.4e-007
2,Node3,-1,,6.30000064,6.30000088,2.4e-007
2,Node3,-1,,5.30000064,5.30000088,2.4e-007
2,Node3,-1,,4.30000064,4.30000088,2.4e-007
2,Node3,-1,,3.30000064,3.30000088,2.4e-007
2,Node3,-1,,2.30000064,2.30000088,2.4e-007
2,Node3,-1,,1.30000064,1.30000088,2.4e-007
2,Node3,-1,,0.30000064,0.30000088,2.4e-007
2,Node3,1,Node2,9.10000008,9.10000032,2.4e-007
2,Node3,1,Node2,8.10000008,8.10000032,2.4e-007
2,Node3,1,Node2,7.10000008,7.10000032,2.4e-007
2,Node3,1,Node2,6.10000008,6.10000032,2.4e-007
2,Node3,1,Node2,5.10000008,5.10000032,2.4e-007
2,Node3,1,Node2,4.10000008,4.10000032,2.4e-007
2,Node3,1,Node2,3.10000008,3.10000032,2.4e-007
2,Node3,1,Node2,2.10000008,2.10000032,2.4e-007
2,Node3,1,Node2,1.10000008,1.10000032,2.4e-007
2,Node3,1,Node2,0.10000008,0.10000032,2.4e-007
